id,category
Test_0.jpg,0
Test_1005.jpg,24
Test_1006.jpg,12
Test_1007.jpg,8
Test_1008.jpg,6
Test_1009.jpg,17
Test_1010.jpg,11
Test_1011.jpg,9
Test_1012.jpg,11
Test_1013.jpg,10
Test_1014.jpg,9
Test_1015.jpg,18
Test_1016.jpg,4
Test_1017.jpg,24
Test_1018.jpg,4
Test_1.jpg,12
Test_10.jpg,24
Test_11.jpg,10
Test_100.jpg,8
Test_101.jpg,5
Test_102.jpg,14
Test_103.jpg,16
Test_104.jpg,20
Test_105.jpg,21
Test_107.jpg,7
Test_108.jpg,20
Test_109.jpg,17
Test_110.jpg,10
Test_111.jpg,20
Test_112.jpg,9
Test_1000.jpg,21
Test_1001.jpg,18
Test_1002.jpg,18
Test_1003.jpg,5
Test_1004.jpg,10
Test_1019.jpg,8
Test_1020.jpg,4
Test_1021.jpg,11
Test_1022.jpg,21
Test_1023.jpg,13
Test_1024.jpg,10
Test_1025.jpg,5
Test_1026.jpg,3
Test_1027.jpg,16
Test_1028.jpg,6
Test_1029.jpg,16
Test_1030.jpg,6
Test_1031.jpg,24
Test_1032.jpg,24
Test_1033.jpg,12
Test_1034.jpg,5
Test_1035.jpg,9
Test_1036.jpg,16
Test_1037.jpg,3
Test_1038.jpg,19
Test_1039.jpg,12
Test_1040.jpg,13
Test_1041.jpg,4
Test_1042.jpg,20
Test_1043.jpg,18
Test_1044.jpg,5
Test_1045.jpg,3
Test_1046.jpg,4
Test_1047.jpg,21
Test_1048.jpg,17
Test_1049.jpg,17
Test_1050.jpg,10
Test_1051.jpg,18
Test_1052.jpg,14
Test_1053.jpg,8
Test_1054.jpg,6
Test_1055.jpg,10
Test_1056.jpg,5
Test_1057.jpg,15
Test_1058.jpg,14
Test_1059.jpg,3
Test_106.jpg,23
Test_1060.jpg,24
Test_1061.jpg,19
Test_1062.jpg,16
Test_1063.jpg,4
Test_1064.jpg,15
Test_1065.jpg,8
Test_1066.jpg,22
Test_1067.jpg,4
Test_1068.jpg,0
Test_1069.jpg,4
Test_1070.jpg,4
Test_1071.jpg,15
Test_1072.jpg,9
Test_1073.jpg,1
Test_1074.jpg,21
Test_1075.jpg,3
Test_1076.jpg,3
Test_1077.jpg,4
Test_1078.jpg,8
Test_1079.jpg,3
Test_1080.jpg,24
Test_1081.jpg,21
Test_1082.jpg,16
Test_1083.jpg,3
Test_1084.jpg,16
Test_1085.jpg,19
Test_1086.jpg,0
Test_1087.jpg,10
Test_1088.jpg,2
Test_1089.jpg,20
Test_1090.jpg,23
Test_1091.jpg,6
Test_1092.jpg,2
Test_1093.jpg,19
Test_1094.jpg,23
Test_1095.jpg,4
Test_1096.jpg,20
Test_1097.jpg,20
Test_1098.jpg,18
Test_1099.jpg,19
Test_1100.jpg,1
Test_1101.jpg,23
Test_1102.jpg,6
Test_1103.jpg,17
Test_1104.jpg,18
Test_1105.jpg,16
Test_1106.jpg,19
Test_1107.jpg,0
Test_1108.jpg,4
Test_1109.jpg,10
Test_1110.jpg,23
Test_1111.jpg,19
Test_1112.jpg,0
Test_1113.jpg,1
Test_1114.jpg,19
Test_1115.jpg,14
Test_1116.jpg,10
Test_1117.jpg,9
Test_1118.jpg,6
Test_1119.jpg,4
Test_1120.jpg,16
Test_1121.jpg,17
Test_1122.jpg,5
Test_1123.jpg,2
Test_1124.jpg,6
Test_1125.jpg,24
Test_1126.jpg,1
Test_1127.jpg,24
Test_1128.jpg,18
Test_1129.jpg,10
Test_113.jpg,16
Test_1130.jpg,14
Test_1131.jpg,16
Test_1132.jpg,24
Test_1133.jpg,1
Test_1134.jpg,2
Test_1135.jpg,10
Test_1136.jpg,11
Test_1137.jpg,3
Test_1138.jpg,1
Test_1139.jpg,8
Test_114.jpg,6
Test_1140.jpg,2
Test_1141.jpg,20
Test_1142.jpg,24
Test_1143.jpg,20
Test_1144.jpg,4
Test_1145.jpg,4
Test_1146.jpg,4
Test_1147.jpg,14
Test_1148.jpg,0
Test_1149.jpg,15
Test_115.jpg,24
Test_1150.jpg,6
Test_1151.jpg,0
Test_1152.jpg,14
Test_1153.jpg,3
Test_1154.jpg,16
Test_1155.jpg,4
Test_1156.jpg,22
Test_1157.jpg,8
Test_1158.jpg,8
Test_1159.jpg,3
Test_116.jpg,19
Test_1160.jpg,7
Test_1161.jpg,16
Test_1162.jpg,16
Test_1163.jpg,19
Test_1164.jpg,4
Test_1165.jpg,13
Test_1166.jpg,23
Test_1167.jpg,18
Test_1168.jpg,1
Test_1169.jpg,2
Test_117.jpg,8
Test_1170.jpg,15
Test_1171.jpg,0
Test_1172.jpg,20
Test_1173.jpg,19
Test_1174.jpg,23
Test_1175.jpg,9
Test_1176.jpg,22
Test_1177.jpg,23
Test_1178.jpg,1
Test_1179.jpg,4
Test_118.jpg,22
Test_1180.jpg,20
Test_1181.jpg,16
Test_1182.jpg,17
Test_1183.jpg,20
Test_1184.jpg,23
Test_1185.jpg,3
Test_1186.jpg,5
Test_1187.jpg,1
Test_1188.jpg,14
Test_1189.jpg,12
Test_119.jpg,10
Test_1190.jpg,22
Test_1191.jpg,4
Test_1192.jpg,3
Test_1193.jpg,4
Test_1194.jpg,0
Test_1195.jpg,9
Test_1196.jpg,12
Test_1197.jpg,11
Test_1198.jpg,23
Test_1199.jpg,6
Test_12.jpg,9
Test_120.jpg,12
Test_1200.jpg,3
Test_1201.jpg,2
Test_1202.jpg,8
Test_1203.jpg,16
Test_1204.jpg,1
Test_1205.jpg,9
Test_1206.jpg,21
Test_1207.jpg,18
Test_1208.jpg,17
Test_1209.jpg,17
Test_121.jpg,10
Test_1210.jpg,22
Test_1211.jpg,20
Test_1212.jpg,9
Test_1213.jpg,6
Test_1214.jpg,3
Test_1215.jpg,24
Test_1216.jpg,6
Test_1217.jpg,21
Test_1218.jpg,4
Test_1219.jpg,9
Test_122.jpg,8
Test_1220.jpg,14
Test_1221.jpg,24
Test_1222.jpg,16
Test_1223.jpg,14
Test_1224.jpg,17
Test_1225.jpg,13
Test_1226.jpg,1
Test_1227.jpg,9
Test_1228.jpg,22
Test_1229.jpg,22
Test_123.jpg,18
Test_1230.jpg,8
Test_1231.jpg,16
Test_1232.jpg,15
Test_1233.jpg,12
Test_1234.jpg,22
Test_1235.jpg,14
Test_1236.jpg,1
Test_1237.jpg,10
Test_1238.jpg,8
Test_1239.jpg,8
Test_124.jpg,17
Test_1240.jpg,14
Test_1241.jpg,6
Test_1242.jpg,12
Test_1243.jpg,24
Test_1244.jpg,4
Test_1245.jpg,10
Test_1246.jpg,4
Test_1247.jpg,11
Test_1248.jpg,12
Test_1249.jpg,3
Test_125.jpg,18
Test_1250.jpg,24
Test_1251.jpg,17
Test_1252.jpg,21
Test_1253.jpg,24
Test_1254.jpg,18
Test_1255.jpg,10
Test_1256.jpg,22
Test_1257.jpg,5
Test_1258.jpg,4
Test_1259.jpg,1
Test_126.jpg,17
Test_1260.jpg,19
Test_1261.jpg,3
Test_1262.jpg,10
Test_1263.jpg,17
Test_1264.jpg,8
Test_1265.jpg,12
Test_1266.jpg,4
Test_1267.jpg,11
Test_1268.jpg,13
Test_1269.jpg,9
Test_127.jpg,0
Test_1270.jpg,10
Test_1271.jpg,3
Test_1272.jpg,1
Test_1273.jpg,6
Test_1274.jpg,16
Test_1275.jpg,14
Test_1276.jpg,19
Test_1277.jpg,24
Test_1278.jpg,18
Test_1279.jpg,17
Test_128.jpg,16
Test_1280.jpg,7
Test_1281.jpg,14
Test_1282.jpg,20
Test_1283.jpg,16
Test_1284.jpg,2
Test_1285.jpg,16
Test_1286.jpg,8
Test_1287.jpg,19
Test_1288.jpg,10
Test_1289.jpg,12
Test_129.jpg,19
Test_1290.jpg,21
Test_1291.jpg,17
Test_1292.jpg,4
Test_1293.jpg,13
Test_1294.jpg,5
Test_1295.jpg,4
Test_1296.jpg,24
Test_1297.jpg,11
Test_1298.jpg,7
Test_1299.jpg,3
Test_13.jpg,9
Test_130.jpg,20
Test_1300.jpg,16
Test_1301.jpg,18
Test_1302.jpg,10
Test_1303.jpg,24
Test_1304.jpg,14
Test_1305.jpg,16
Test_1306.jpg,9
Test_1307.jpg,24
Test_1308.jpg,0
Test_1309.jpg,15
Test_131.jpg,18
Test_1310.jpg,13
Test_1311.jpg,19
Test_1312.jpg,19
Test_1313.jpg,16
Test_1314.jpg,22
Test_1315.jpg,7
Test_1316.jpg,8
Test_1317.jpg,9
Test_1318.jpg,10
Test_1319.jpg,17
Test_132.jpg,6
Test_1320.jpg,5
Test_1321.jpg,3
Test_1322.jpg,8
Test_1323.jpg,5
Test_1324.jpg,8
Test_1325.jpg,22
Test_1326.jpg,17
Test_1327.jpg,15
Test_1328.jpg,4
Test_1329.jpg,11
Test_133.jpg,3
Test_1330.jpg,24
Test_1331.jpg,0
Test_1332.jpg,24
Test_1333.jpg,4
Test_1334.jpg,0
Test_1335.jpg,12
Test_1336.jpg,13
Test_1337.jpg,15
Test_1338.jpg,8
Test_1339.jpg,20
Test_134.jpg,15
Test_1340.jpg,24
Test_1341.jpg,18
Test_1342.jpg,8
Test_1343.jpg,2
Test_1344.jpg,17
Test_1345.jpg,14
Test_1346.jpg,8
Test_1347.jpg,17
Test_1348.jpg,16
Test_1349.jpg,3
Test_135.jpg,7
Test_1350.jpg,5
Test_1351.jpg,0
Test_1352.jpg,9
Test_1353.jpg,22
Test_1354.jpg,12
Test_1355.jpg,23
Test_1356.jpg,0
Test_1357.jpg,8
Test_1358.jpg,18
Test_1359.jpg,24
Test_136.jpg,23
Test_1360.jpg,6
Test_1361.jpg,19
Test_1362.jpg,6
Test_1363.jpg,14
Test_1364.jpg,16
Test_1365.jpg,5
Test_1366.jpg,9
Test_1367.jpg,4
Test_1368.jpg,15
Test_1369.jpg,4
Test_137.jpg,2
Test_1370.jpg,18
Test_1371.jpg,0
Test_1372.jpg,19
Test_1373.jpg,6
Test_1374.jpg,2
Test_1375.jpg,18
Test_1376.jpg,24
Test_1377.jpg,4
Test_1378.jpg,18
Test_1379.jpg,6
Test_138.jpg,5
Test_1380.jpg,23
Test_1381.jpg,14
Test_1382.jpg,6
Test_1383.jpg,18
Test_1384.jpg,22
Test_1385.jpg,17
Test_1386.jpg,17
Test_1387.jpg,4
Test_1388.jpg,2
Test_1389.jpg,19
Test_139.jpg,3
Test_1390.jpg,13
Test_1391.jpg,1
Test_1392.jpg,9
Test_1393.jpg,6
Test_1394.jpg,8
Test_1395.jpg,20
Test_1396.jpg,23
Test_1397.jpg,19
Test_1398.jpg,16
Test_1399.jpg,16
Test_14.jpg,17
Test_140.jpg,19
Test_1400.jpg,22
Test_1401.jpg,8
Test_1402.jpg,23
Test_1403.jpg,3
Test_1404.jpg,13
Test_1405.jpg,17
Test_1406.jpg,5
Test_1407.jpg,6
Test_1408.jpg,17
Test_1409.jpg,22
Test_141.jpg,22
Test_1410.jpg,24
Test_1411.jpg,16
Test_1412.jpg,17
Test_1413.jpg,24
Test_1414.jpg,15
Test_1415.jpg,17
Test_1416.jpg,1
Test_1417.jpg,3
Test_1418.jpg,11
Test_1419.jpg,10
Test_142.jpg,18
Test_1420.jpg,8
Test_1421.jpg,18
Test_1422.jpg,9
Test_1423.jpg,6
Test_1424.jpg,6
Test_1425.jpg,1
Test_1426.jpg,4
Test_1427.jpg,16
Test_1428.jpg,20
Test_1429.jpg,10
Test_143.jpg,20
Test_1430.jpg,14
Test_1431.jpg,0
Test_1432.jpg,14
Test_1433.jpg,21
Test_1434.jpg,21
Test_1435.jpg,9
Test_1436.jpg,17
Test_1437.jpg,2
Test_1438.jpg,5
Test_1439.jpg,17
Test_144.jpg,2
Test_1440.jpg,20
Test_1441.jpg,1
Test_1442.jpg,6
Test_1443.jpg,3
Test_1444.jpg,5
Test_1445.jpg,6
Test_1446.jpg,21
Test_1447.jpg,12
Test_1448.jpg,16
Test_1449.jpg,16
Test_145.jpg,17
Test_1450.jpg,15
Test_1451.jpg,21
Test_1452.jpg,1
Test_1453.jpg,13
Test_1454.jpg,3
Test_1455.jpg,10
Test_1456.jpg,0
Test_1457.jpg,9
Test_1458.jpg,18
Test_1459.jpg,4
Test_146.jpg,22
Test_1460.jpg,24
Test_1461.jpg,18
Test_1462.jpg,14
Test_1463.jpg,6
Test_1464.jpg,9
Test_1465.jpg,24
Test_1466.jpg,18
Test_1467.jpg,10
Test_1468.jpg,17
Test_1469.jpg,17
Test_147.jpg,4
Test_1470.jpg,9
Test_1471.jpg,22
Test_1472.jpg,17
Test_1473.jpg,20
Test_1474.jpg,15
Test_1475.jpg,19
Test_1476.jpg,17
Test_1477.jpg,10
Test_1478.jpg,22
Test_1479.jpg,8
Test_148.jpg,20
Test_1480.jpg,19
Test_1481.jpg,12
Test_1482.jpg,1
Test_1483.jpg,13
Test_1484.jpg,12
Test_1485.jpg,12
Test_1486.jpg,21
Test_1487.jpg,19
Test_1488.jpg,7
Test_1489.jpg,24
Test_149.jpg,18
Test_1490.jpg,22
Test_1491.jpg,17
Test_1492.jpg,15
Test_1493.jpg,4
Test_1494.jpg,3
Test_1495.jpg,17
Test_1496.jpg,3
Test_1497.jpg,20
Test_1498.jpg,10
Test_1499.jpg,0
Test_15.jpg,22
Test_150.jpg,15
Test_151.jpg,8
Test_152.jpg,0
Test_153.jpg,5
Test_154.jpg,18
Test_155.jpg,6
Test_156.jpg,12
Test_157.jpg,8
Test_158.jpg,10
Test_159.jpg,13
Test_16.jpg,4
Test_160.jpg,12
Test_161.jpg,14
Test_162.jpg,17
Test_163.jpg,21
Test_164.jpg,8
Test_165.jpg,19
Test_166.jpg,1
Test_167.jpg,18
Test_168.jpg,10
Test_169.jpg,16
Test_17.jpg,17
Test_170.jpg,14
Test_171.jpg,10
Test_172.jpg,17
Test_173.jpg,24
Test_174.jpg,16
Test_175.jpg,18
Test_176.jpg,22
Test_177.jpg,13
Test_178.jpg,12
Test_179.jpg,5
Test_18.jpg,19
Test_180.jpg,17
Test_181.jpg,9
Test_182.jpg,12
Test_183.jpg,17
Test_184.jpg,5
Test_185.jpg,2
Test_186.jpg,9
Test_187.jpg,22
Test_188.jpg,17
Test_189.jpg,13
Test_19.jpg,14
Test_190.jpg,8
Test_191.jpg,3
Test_192.jpg,12
Test_193.jpg,16
Test_194.jpg,8
Test_195.jpg,18
Test_196.jpg,14
Test_197.jpg,24
Test_198.jpg,6
Test_199.jpg,4
Test_2.jpg,2
Test_20.jpg,3
Test_200.jpg,10
Test_201.jpg,16
Test_202.jpg,16
Test_203.jpg,10
Test_204.jpg,18
Test_205.jpg,3
Test_206.jpg,0
Test_207.jpg,14
Test_208.jpg,21
Test_209.jpg,2
Test_21.jpg,20
Test_210.jpg,4
Test_211.jpg,10
Test_212.jpg,4
Test_213.jpg,5
Test_214.jpg,14
Test_215.jpg,6
Test_216.jpg,2
Test_217.jpg,7
Test_218.jpg,18
Test_219.jpg,0
Test_22.jpg,7
Test_220.jpg,22
Test_221.jpg,8
Test_222.jpg,23
Test_223.jpg,20
Test_224.jpg,22
Test_225.jpg,1
Test_226.jpg,0
Test_227.jpg,9
Test_228.jpg,17
Test_229.jpg,14
Test_23.jpg,4
Test_230.jpg,10
Test_231.jpg,5
Test_232.jpg,1
Test_233.jpg,3
Test_234.jpg,18
Test_235.jpg,4
Test_236.jpg,0
Test_237.jpg,24
Test_238.jpg,10
Test_239.jpg,18
Test_24.jpg,3
Test_240.jpg,10
Test_241.jpg,4
Test_242.jpg,24
Test_243.jpg,22
Test_244.jpg,24
Test_245.jpg,16
Test_246.jpg,24
Test_247.jpg,17
Test_248.jpg,23
Test_249.jpg,6
Test_25.jpg,10
Test_250.jpg,16
Test_251.jpg,11
Test_252.jpg,10
Test_253.jpg,4
Test_254.jpg,17
Test_255.jpg,0
Test_256.jpg,1
Test_257.jpg,21
Test_258.jpg,6
Test_259.jpg,8
Test_26.jpg,1
Test_260.jpg,17
Test_261.jpg,24
Test_262.jpg,8
Test_263.jpg,1
Test_264.jpg,15
Test_265.jpg,23
Test_266.jpg,21
Test_267.jpg,22
Test_268.jpg,11
Test_269.jpg,3
Test_27.jpg,4
Test_270.jpg,2
Test_271.jpg,2
Test_272.jpg,20
Test_273.jpg,6
Test_274.jpg,5
Test_275.jpg,3
Test_276.jpg,11
Test_277.jpg,17
Test_278.jpg,23
Test_279.jpg,22
Test_28.jpg,15
Test_280.jpg,19
Test_281.jpg,16
Test_282.jpg,10
Test_283.jpg,22
Test_284.jpg,0
Test_285.jpg,18
Test_286.jpg,19
Test_287.jpg,18
Test_288.jpg,11
Test_289.jpg,11
Test_29.jpg,24
Test_290.jpg,1
Test_291.jpg,24
Test_292.jpg,2
Test_293.jpg,14
Test_294.jpg,20
Test_295.jpg,7
Test_296.jpg,0
Test_297.jpg,13
Test_298.jpg,22
Test_299.jpg,21
Test_3.jpg,14
Test_30.jpg,0
Test_300.jpg,8
Test_301.jpg,8
Test_302.jpg,20
Test_303.jpg,8
Test_304.jpg,1
Test_305.jpg,6
Test_306.jpg,8
Test_307.jpg,3
Test_308.jpg,17
Test_309.jpg,6
Test_31.jpg,19
Test_310.jpg,16
Test_311.jpg,5
Test_312.jpg,23
Test_313.jpg,19
Test_314.jpg,24
Test_315.jpg,0
Test_316.jpg,16
Test_317.jpg,4
Test_318.jpg,21
Test_319.jpg,14
Test_32.jpg,24
Test_320.jpg,21
Test_321.jpg,16
Test_322.jpg,12
Test_323.jpg,22
Test_324.jpg,21
Test_325.jpg,15
Test_326.jpg,4
Test_327.jpg,3
Test_328.jpg,3
Test_329.jpg,1
Test_33.jpg,19
Test_330.jpg,0
Test_331.jpg,1
Test_332.jpg,19
Test_333.jpg,19
Test_334.jpg,16
Test_335.jpg,24
Test_336.jpg,11
Test_337.jpg,18
Test_338.jpg,22
Test_339.jpg,22
Test_34.jpg,2
Test_340.jpg,17
Test_341.jpg,5
Test_342.jpg,18
Test_343.jpg,3
Test_344.jpg,16
Test_345.jpg,4
Test_346.jpg,8
Test_347.jpg,24
Test_348.jpg,23
Test_349.jpg,19
Test_35.jpg,10
Test_350.jpg,22
Test_351.jpg,7
Test_352.jpg,1
Test_353.jpg,2
Test_354.jpg,17
Test_355.jpg,17
Test_356.jpg,16
Test_357.jpg,9
Test_358.jpg,1
Test_359.jpg,15
Test_36.jpg,16
Test_360.jpg,10
Test_361.jpg,0
Test_362.jpg,4
Test_363.jpg,0
Test_364.jpg,20
Test_365.jpg,16
Test_366.jpg,1
Test_367.jpg,13
Test_368.jpg,24
Test_369.jpg,15
Test_37.jpg,0
Test_370.jpg,4
Test_371.jpg,22
Test_372.jpg,3
Test_373.jpg,21
Test_374.jpg,5
Test_375.jpg,7
Test_376.jpg,4
Test_377.jpg,1
Test_378.jpg,19
Test_379.jpg,3
Test_38.jpg,24
Test_380.jpg,8
Test_381.jpg,13
Test_382.jpg,18
Test_383.jpg,7
Test_384.jpg,16
Test_385.jpg,8
Test_386.jpg,8
Test_387.jpg,16
Test_388.jpg,2
Test_389.jpg,2
Test_39.jpg,14
Test_390.jpg,5
Test_391.jpg,5
Test_392.jpg,17
Test_393.jpg,19
Test_394.jpg,5
Test_395.jpg,17
Test_396.jpg,3
Test_397.jpg,4
Test_398.jpg,21
Test_399.jpg,5
Test_4.jpg,14
Test_40.jpg,4
Test_400.jpg,15
Test_401.jpg,11
Test_402.jpg,14
Test_403.jpg,0
Test_404.jpg,6
Test_405.jpg,0
Test_406.jpg,8
Test_407.jpg,23
Test_408.jpg,21
Test_409.jpg,10
Test_41.jpg,17
Test_410.jpg,22
Test_411.jpg,3
Test_412.jpg,2
Test_413.jpg,9
Test_414.jpg,8
Test_415.jpg,17
Test_416.jpg,16
Test_417.jpg,13
Test_418.jpg,15
Test_419.jpg,9
Test_42.jpg,0
Test_420.jpg,14
Test_421.jpg,5
Test_422.jpg,8
Test_423.jpg,11
Test_424.jpg,0
Test_425.jpg,7
Test_426.jpg,20
Test_427.jpg,5
Test_428.jpg,0
Test_429.jpg,4
Test_43.jpg,5
Test_430.jpg,2
Test_431.jpg,9
Test_432.jpg,5
Test_433.jpg,4
Test_434.jpg,10
Test_435.jpg,3
Test_436.jpg,11
Test_437.jpg,9
Test_438.jpg,8
Test_439.jpg,15
Test_44.jpg,17
Test_440.jpg,14
Test_441.jpg,6
Test_442.jpg,17
Test_443.jpg,0
Test_444.jpg,18
Test_445.jpg,2
Test_446.jpg,16
Test_447.jpg,2
Test_448.jpg,24
Test_449.jpg,9
Test_45.jpg,4
Test_450.jpg,10
Test_451.jpg,12
Test_452.jpg,22
Test_453.jpg,19
Test_454.jpg,15
Test_455.jpg,4
Test_456.jpg,3
Test_457.jpg,9
Test_458.jpg,19
Test_459.jpg,5
Test_46.jpg,23
Test_460.jpg,22
Test_461.jpg,21
Test_462.jpg,24
Test_463.jpg,5
Test_464.jpg,12
Test_465.jpg,20
Test_466.jpg,18
Test_467.jpg,19
Test_468.jpg,8
Test_469.jpg,19
Test_47.jpg,24
Test_470.jpg,13
Test_471.jpg,18
Test_472.jpg,18
Test_473.jpg,18
Test_474.jpg,10
Test_475.jpg,14
Test_476.jpg,1
Test_477.jpg,11
Test_478.jpg,5
Test_479.jpg,19
Test_48.jpg,3
Test_480.jpg,13
Test_481.jpg,3
Test_482.jpg,18
Test_483.jpg,13
Test_484.jpg,0
Test_485.jpg,0
Test_486.jpg,19
Test_487.jpg,20
Test_488.jpg,13
Test_489.jpg,18
Test_49.jpg,14
Test_490.jpg,8
Test_491.jpg,4
Test_492.jpg,23
Test_493.jpg,2
Test_494.jpg,16
Test_495.jpg,4
Test_496.jpg,7
Test_497.jpg,20
Test_498.jpg,16
Test_499.jpg,9
Test_5.jpg,20
Test_50.jpg,12
Test_500.jpg,16
Test_501.jpg,11
Test_502.jpg,20
Test_503.jpg,16
Test_504.jpg,2
Test_505.jpg,22
Test_506.jpg,9
Test_507.jpg,2
Test_508.jpg,10
Test_509.jpg,8
Test_51.jpg,6
Test_510.jpg,18
Test_511.jpg,17
Test_512.jpg,17
Test_513.jpg,21
Test_514.jpg,0
Test_515.jpg,19
Test_516.jpg,16
Test_517.jpg,8
Test_518.jpg,24
Test_519.jpg,12
Test_52.jpg,3
Test_520.jpg,14
Test_521.jpg,13
Test_522.jpg,9
Test_523.jpg,11
Test_524.jpg,21
Test_525.jpg,23
Test_526.jpg,8
Test_527.jpg,24
Test_528.jpg,12
Test_529.jpg,6
Test_53.jpg,4
Test_530.jpg,5
Test_531.jpg,3
Test_532.jpg,10
Test_533.jpg,24
Test_534.jpg,1
Test_535.jpg,0
Test_536.jpg,12
Test_537.jpg,2
Test_538.jpg,21
Test_539.jpg,4
Test_54.jpg,17
Test_540.jpg,14
Test_541.jpg,4
Test_542.jpg,9
Test_543.jpg,0
Test_544.jpg,5
Test_545.jpg,20
Test_546.jpg,10
Test_547.jpg,4
Test_548.jpg,10
Test_549.jpg,18
Test_55.jpg,0
Test_550.jpg,0
Test_551.jpg,16
Test_552.jpg,10
Test_553.jpg,7
Test_554.jpg,5
Test_555.jpg,9
Test_556.jpg,4
Test_557.jpg,5
Test_558.jpg,11
Test_559.jpg,21
Test_56.jpg,24
Test_560.jpg,24
Test_561.jpg,3
Test_562.jpg,19
Test_563.jpg,19
Test_564.jpg,2
Test_565.jpg,23
Test_566.jpg,24
Test_567.jpg,16
Test_568.jpg,5
Test_569.jpg,10
Test_57.jpg,16
Test_570.jpg,16
Test_571.jpg,23
Test_572.jpg,4
Test_573.jpg,19
Test_574.jpg,17
Test_575.jpg,4
Test_576.jpg,10
Test_577.jpg,24
Test_578.jpg,19
Test_579.jpg,8
Test_58.jpg,16
Test_580.jpg,18
Test_581.jpg,19
Test_582.jpg,10
Test_583.jpg,19
Test_584.jpg,22
Test_585.jpg,17
Test_586.jpg,24
Test_587.jpg,14
Test_588.jpg,0
Test_589.jpg,20
Test_59.jpg,19
Test_590.jpg,4
Test_591.jpg,2
Test_592.jpg,1
Test_593.jpg,1
Test_594.jpg,20
Test_595.jpg,13
Test_596.jpg,2
Test_597.jpg,11
Test_598.jpg,0
Test_599.jpg,23
Test_6.jpg,17
Test_60.jpg,18
Test_600.jpg,18
Test_601.jpg,20
Test_602.jpg,10
Test_603.jpg,14
Test_604.jpg,12
Test_605.jpg,4
Test_606.jpg,17
Test_607.jpg,6
Test_608.jpg,3
Test_609.jpg,9
Test_61.jpg,24
Test_610.jpg,14
Test_611.jpg,5
Test_612.jpg,18
Test_613.jpg,4
Test_719.jpg,0
Test_72.jpg,9
Test_720.jpg,23
Test_721.jpg,4
Test_722.jpg,6
Test_723.jpg,3
Test_724.jpg,2
Test_725.jpg,20
Test_726.jpg,6
Test_727.jpg,3
Test_728.jpg,18
Test_729.jpg,24
Test_73.jpg,10
Test_730.jpg,13
Test_731.jpg,10
Test_732.jpg,20
Test_733.jpg,11
Test_734.jpg,4
Test_735.jpg,3
Test_736.jpg,18
Test_737.jpg,24
Test_738.jpg,17
Test_739.jpg,24
Test_74.jpg,15
Test_740.jpg,3
Test_741.jpg,9
Test_742.jpg,19
Test_743.jpg,21
Test_744.jpg,5
Test_745.jpg,11
Test_746.jpg,6
Test_747.jpg,13
Test_748.jpg,21
Test_749.jpg,7
Test_75.jpg,24
Test_750.jpg,6
Test_751.jpg,17
Test_752.jpg,16
Test_753.jpg,15
Test_754.jpg,24
Test_755.jpg,6
Test_756.jpg,17
Test_757.jpg,19
Test_758.jpg,5
Test_759.jpg,3
Test_76.jpg,7
Test_760.jpg,16
Test_761.jpg,15
Test_762.jpg,6
Test_763.jpg,9
Test_764.jpg,8
Test_765.jpg,17
Test_766.jpg,17
Test_767.jpg,6
Test_768.jpg,24
Test_769.jpg,16
Test_77.jpg,7
Test_770.jpg,24
Test_771.jpg,1
Test_614.jpg,7
Test_615.jpg,9
Test_616.jpg,24
Test_617.jpg,18
Test_618.jpg,11
Test_619.jpg,10
Test_62.jpg,3
Test_620.jpg,5
Test_621.jpg,21
Test_622.jpg,23
Test_623.jpg,21
Test_624.jpg,20
Test_625.jpg,3
Test_626.jpg,3
Test_627.jpg,10
Test_628.jpg,24
Test_629.jpg,15
Test_63.jpg,23
Test_630.jpg,8
Test_631.jpg,1
Test_632.jpg,14
Test_633.jpg,16
Test_634.jpg,10
Test_635.jpg,4
Test_636.jpg,2
Test_637.jpg,12
Test_638.jpg,8
Test_639.jpg,22
Test_64.jpg,12
Test_640.jpg,3
Test_641.jpg,13
Test_642.jpg,8
Test_643.jpg,7
Test_644.jpg,9
Test_645.jpg,24
Test_646.jpg,1
Test_647.jpg,17
Test_648.jpg,8
Test_649.jpg,4
Test_65.jpg,8
Test_650.jpg,24
Test_651.jpg,18
Test_652.jpg,3
Test_653.jpg,10
Test_654.jpg,1
Test_655.jpg,21
Test_656.jpg,7
Test_657.jpg,9
Test_658.jpg,9
Test_659.jpg,8
Test_66.jpg,4
Test_660.jpg,14
Test_661.jpg,17
Test_662.jpg,8
Test_663.jpg,2
Test_664.jpg,16
Test_665.jpg,14
Test_666.jpg,3
Test_667.jpg,19
Test_668.jpg,1
Test_669.jpg,9
Test_67.jpg,17
Test_670.jpg,20
Test_671.jpg,4
Test_672.jpg,19
Test_673.jpg,22
Test_674.jpg,13
Test_675.jpg,17
Test_676.jpg,23
Test_677.jpg,6
Test_678.jpg,4
Test_679.jpg,1
Test_68.jpg,24
Test_680.jpg,20
Test_681.jpg,3
Test_682.jpg,4
Test_683.jpg,0
Test_684.jpg,20
Test_685.jpg,10
Test_686.jpg,2
Test_687.jpg,7
Test_688.jpg,8
Test_689.jpg,10
Test_69.jpg,16
Test_690.jpg,4
Test_691.jpg,9
Test_692.jpg,23
Test_693.jpg,10
Test_694.jpg,16
Test_695.jpg,14
Test_696.jpg,21
Test_697.jpg,10
Test_698.jpg,12
Test_699.jpg,21
Test_7.jpg,22
Test_70.jpg,1
Test_700.jpg,20
Test_701.jpg,15
Test_702.jpg,3
Test_703.jpg,0
Test_704.jpg,4
Test_705.jpg,3
Test_706.jpg,5
Test_707.jpg,5
Test_708.jpg,10
Test_709.jpg,23
Test_71.jpg,11
Test_710.jpg,18
Test_711.jpg,13
Test_712.jpg,22
Test_713.jpg,16
Test_714.jpg,16
Test_715.jpg,9
Test_716.jpg,18
Test_717.jpg,6
Test_718.jpg,4
Test_772.jpg,4
Test_773.jpg,12
Test_774.jpg,13
Test_775.jpg,4
Test_776.jpg,1
Test_777.jpg,20
Test_778.jpg,6
Test_779.jpg,19
Test_78.jpg,9
Test_780.jpg,11
Test_781.jpg,10
Test_782.jpg,3
Test_783.jpg,19
Test_784.jpg,21
Test_785.jpg,18
Test_786.jpg,21
Test_787.jpg,3
Test_788.jpg,17
Test_789.jpg,10
Test_79.jpg,22
Test_790.jpg,7
Test_791.jpg,23
Test_792.jpg,5
Test_793.jpg,2
Test_794.jpg,21
Test_795.jpg,8
Test_796.jpg,1
Test_797.jpg,11
Test_798.jpg,1
Test_799.jpg,16
Test_8.jpg,2
Test_80.jpg,20
Test_800.jpg,11
Test_801.jpg,17
Test_802.jpg,11
Test_803.jpg,2
Test_804.jpg,2
Test_805.jpg,3
Test_806.jpg,8
Test_807.jpg,16
Test_808.jpg,9
Test_809.jpg,21
Test_81.jpg,21
Test_810.jpg,15
Test_811.jpg,20
Test_812.jpg,21
Test_813.jpg,11
Test_814.jpg,1
Test_815.jpg,0
Test_816.jpg,3
Test_817.jpg,16
Test_818.jpg,2
Test_819.jpg,16
Test_82.jpg,15
Test_820.jpg,22
Test_821.jpg,19
Test_822.jpg,17
Test_823.jpg,12
Test_824.jpg,4
Test_825.jpg,16
Test_826.jpg,4
Test_827.jpg,11
Test_828.jpg,0
Test_829.jpg,1
Test_83.jpg,17
Test_830.jpg,18
Test_831.jpg,17
Test_832.jpg,17
Test_833.jpg,16
Test_834.jpg,16
Test_835.jpg,2
Test_836.jpg,12
Test_837.jpg,12
Test_838.jpg,13
Test_839.jpg,13
Test_84.jpg,22
Test_840.jpg,24
Test_841.jpg,7
Test_842.jpg,2
Test_843.jpg,4
Test_844.jpg,4
Test_845.jpg,17
Test_846.jpg,14
Test_847.jpg,20
Test_848.jpg,22
Test_849.jpg,10
Test_85.jpg,17
Test_850.jpg,21
Test_851.jpg,13
Test_852.jpg,9
Test_853.jpg,17
Test_854.jpg,0
Test_855.jpg,10
Test_856.jpg,19
Test_857.jpg,17
Test_858.jpg,23
Test_859.jpg,4
Test_86.jpg,22
Test_860.jpg,15
Test_861.jpg,24
Test_862.jpg,14
Test_863.jpg,6
Test_864.jpg,1
Test_865.jpg,19
Test_866.jpg,8
Test_867.jpg,4
Test_868.jpg,8
Test_869.jpg,19
Test_87.jpg,4
Test_870.jpg,3
Test_871.jpg,4
Test_872.jpg,19
Test_873.jpg,11
Test_874.jpg,21
Test_875.jpg,10
Test_876.jpg,16
Test_877.jpg,15
Test_878.jpg,24
Test_879.jpg,12
Test_88.jpg,19
Test_880.jpg,15
Test_881.jpg,8
Test_882.jpg,13
Test_883.jpg,3
Test_884.jpg,19
Test_885.jpg,23
Test_886.jpg,1
Test_887.jpg,18
Test_888.jpg,20
Test_889.jpg,8
Test_89.jpg,4
Test_890.jpg,5
Test_891.jpg,19
Test_892.jpg,21
Test_893.jpg,24
Test_894.jpg,23
Test_895.jpg,10
Test_896.jpg,18
Test_897.jpg,12
Test_898.jpg,17
Test_899.jpg,12
Test_9.jpg,16
Test_90.jpg,10
Test_900.jpg,24
Test_901.jpg,24
Test_902.jpg,10
Test_903.jpg,4
Test_904.jpg,10
Test_905.jpg,4
Test_906.jpg,23
Test_907.jpg,4
Test_908.jpg,14
Test_909.jpg,3
Test_91.jpg,8
Test_910.jpg,2
Test_911.jpg,10
Test_912.jpg,13
Test_913.jpg,23
Test_914.jpg,6
Test_915.jpg,0
Test_916.jpg,5
Test_917.jpg,12
Test_918.jpg,17
Test_919.jpg,17
Test_92.jpg,19
Test_920.jpg,24
Test_921.jpg,24
Test_922.jpg,1
Test_923.jpg,21
Test_924.jpg,3
Test_925.jpg,1
Test_926.jpg,21
Test_927.jpg,23
Test_928.jpg,8
Test_929.jpg,8
Test_93.jpg,3
Test_967.jpg,15
Test_968.jpg,3
Test_969.jpg,17
Test_97.jpg,13
Test_970.jpg,10
Test_971.jpg,11
Test_972.jpg,10
Test_973.jpg,18
Test_974.jpg,12
Test_975.jpg,5
Test_976.jpg,4
Test_977.jpg,1
Test_978.jpg,15
Test_979.jpg,12
Test_98.jpg,1
Test_980.jpg,1
Test_981.jpg,20
Test_982.jpg,17
Test_983.jpg,6
Test_984.jpg,1
Test_985.jpg,17
Test_986.jpg,6
Test_987.jpg,20
Test_988.jpg,10
Test_989.jpg,16
Test_99.jpg,19
Test_990.jpg,23
Test_991.jpg,17
Test_992.jpg,7
Test_993.jpg,4
Test_994.jpg,3
Test_995.jpg,3
Test_996.jpg,3
Test_997.jpg,4
Test_998.jpg,17
Test_999.jpg,21
Test_930.jpg,3
Test_931.jpg,21
Test_932.jpg,20
Test_933.jpg,2
Test_934.jpg,13
Test_935.jpg,12
Test_936.jpg,24
Test_937.jpg,9
Test_938.jpg,4
Test_939.jpg,14
Test_94.jpg,20
Test_940.jpg,0
Test_941.jpg,13
Test_942.jpg,23
Test_943.jpg,6
Test_944.jpg,9
Test_945.jpg,17
Test_946.jpg,9
Test_947.jpg,17
Test_948.jpg,5
Test_949.jpg,7
Test_95.jpg,16
Test_950.jpg,10
Test_951.jpg,2
Test_952.jpg,16
Test_953.jpg,20
Test_954.jpg,8
Test_955.jpg,6
Test_956.jpg,17
Test_957.jpg,4
Test_958.jpg,3
Test_959.jpg,0
Test_96.jpg,17
Test_960.jpg,21
Test_961.jpg,19
Test_962.jpg,24
Test_963.jpg,10
Test_964.jpg,10
Test_965.jpg,14
Test_966.jpg,5
